,FullSvcRest,Hospital,LgHotel,LgOff,MdOff,MRapt,OutP,QkSvcRest,Retail,Sch_pri,Sch_sec,SMarket,SmHotel,SmOff,StMall,Ware
FuelFactors,x,x,x,x,x,x,x,x,x,x,x,x,x,x,x,x
Output:Surfaces:Drawing,x,x,x,x,x,x,x,x,x,x,x,x,x,x,x,x
Pump:VariableSpeed,x,x,x,x,,x,x,x,,x,x,x,x,,,
Fan:VariableVolume,,x,x,x,x,,x,,,x,x,,,,,
Humidifier:Steam:Electric,,x,,,,,x,,,,,,,,,
PlantEquipmentOperation:CoolingLoad,,x,x,x,,,,,,,x,,,,,
Exterior:FuelEquipment,,x,x,x,,,,,,,,,,,,
WaterHeater:Mixed,x,x,x,x,x,x,x,x,,x,x,x,x,x,,
Controller:WaterCoil,,x,x,x,,,x,,,x,x,,,,,
UtilityCost:Variable,x,x,x,x,x,x,x,x,x,x,x,x,x,x,x,x
Refrigeration:CaseAndWalkInList,,,,,,,,,,,,x,,,,
PlantEquipmentOperationSchemes,x,x,x,x,x,x,x,x,,x,x,x,x,x,,
SetpointManager:SingleZone:Humidity:Minimum,,x,,,,,x,,,,,,,,,
CondenserEquipmentOperationSchemes,,x,,x,,,,,,,,,,,,
Output:EnvironmentalImpactFactors,x,x,x,x,x,x,x,x,x,x,x,x,x,x,x,x
Refrigeration:Case,x,x,x,,,,,x,,x,x,x,,,,
OutputControl:Table:Style,x,x,x,x,x,x,x,x,x,x,x,x,x,x,x,x
Coil:Cooling:Water,,,x,x,,,,,,,x,,,,,
Coil:Heating:Water,,x,x,x,,,x,,,x,x,,,,,
WaterUse:Connections,x,x,x,x,x,x,x,x,,x,x,x,x,x,,
SetpointManager:SingleZone:Humidity:Maximum,,x,,,,,x,,,,,,,,,
PlantEquipmentOperation:HeatingLoad,x,x,x,x,x,x,x,x,,x,x,x,x,x,,
ZoneHVAC:AirDistributionUnit,,x,x,x,x,,x,,,x,x,,,,,
CondenserLoop,,x,,x,,,,,,,,,,,,
AvailabilityManager:NightCycle,x,x,x,x,x,,x,x,x,x,x,x,x,x,x,x
ZoneMixing,x,x,x,,,,x,x,,x,x,x,,,,
Boiler:HotWater,,x,x,x,,,x,,,x,x,,,,,
Coil:Cooling:DX:TwoSpeed,x,,,,x,,x,x,,x,,x,,,,
PlantLoop,x,x,x,x,x,x,x,x,,x,x,x,x,x,,
Output:Surfaces:List,x,x,x,x,x,x,x,x,x,x,x,x,x,x,x,x
AirLoopHVAC:ReturnPlenum,,,,x,x,,,,,,,,,,,
ZoneHVAC:FourPipeFanCoil,,,x,,,,,,,,,,,,,
Sizing:Plant,x,x,x,x,x,x,x,x,,x,x,x,x,x,,
Chiller:Electric:ReformulatedEIR,,x,,x,,,,,,,,,,,,
ZoneHVAC:EquipmentConnections,x,x,x,x,x,x,x,x,x,x,x,x,x,x,x,x
Fan:OnOff,,,,,,x,,,x,,,,x,,x,x
Chiller:Electric:EIR,,,x,,,,,,,,x,,,,,
Output:Table:SummaryReports,x,x,x,x,x,x,x,x,x,x,x,x,x,x,x,x
AirLoopHVAC:SupplyPath,x,x,x,x,x,x,x,x,x,x,x,x,x,x,x,x
OutputControl:ReportingTolerances,x,x,x,x,x,x,x,x,x,x,x,x,x,x,x,x
WaterUse:Equipment,x,x,x,x,x,x,x,x,,x,x,x,x,x,,
Output:Table:Monthly,x,x,x,x,x,x,x,x,x,x,x,x,x,x,x,x
CoolingTower:SingleSpeed,,x,,x,,,,,,,,,,,,
Output:Table:TimeBins,x,x,x,x,x,x,x,x,x,x,x,x,x,x,x,x
ZoneHVAC:UnitHeater,,,x,,,x,,,x,,,,x,,,x
PlantEquipmentList,x,x,x,x,x,x,x,x,,x,x,x,x,x,,
Output:VariableDictionary,x,x,x,x,x,x,x,x,x,x,x,x,x,x,x,x
SetpointManager:FollowOutdoorAirTemperature,,x,,x,,,,,,,,,,,,
UtilityCost:Charge:Simple,x,x,x,x,x,x,x,x,x,x,x,x,x,x,x,x
Output:Constructions,x,x,x,x,x,x,x,x,x,x,x,x,x,x,x,x
SetpointManager:OutdoorAirReset,,,x,,,,,,,,,,,,,
UtilityCost:Tariff,x,x,x,x,x,x,x,x,x,x,x,x,x,x,x,x
UtilityCost:Qualify,x,x,x,x,x,x,x,x,x,x,x,x,x,x,x,x
WindowProperty:FrameAndDivider,,,,,,,,,,x,x,,,,,
Coil:Heating:Electric,,,x,,x,x,x,,x,,,,x,,,
AirLoopHVAC:ZoneMixer,x,x,x,x,x,x,x,x,x,x,x,x,x,x,x,x
ZoneControl:Humidistat,,x,,,,,x,,,,,,,,,
NodeList,x,x,x,x,x,x,x,x,x,x,x,x,x,x,x,x
ZoneHVAC:PackagedTerminalAirConditioner,,,,,,,,,,,,,x,,,
Pipe:Adiabatic,x,x,x,x,x,x,x,x,,x,x,x,x,x,,
Coil:Cooling:Water:DetailedGeometry,,x,,,,,,,,,,,,,,
Pump:ConstantSpeed,,x,,x,x,,x,,,,,,,x,,
AvailabilityManager:Scheduled,,,x,,,,,,,,,,,,,
Fan:ZoneExhaust,x,x,x,,,,x,x,,x,x,x,,,,
EnvironmentalImpactFactors,x,x,x,x,x,x,x,x,x,x,x,x,x,x,x,x
CondenserEquipmentList,,x,,x,,,,,,,,,,,,
AirLoopHVAC:UnitaryHeatCool,,,,,,x,,,x,,,,,,x,x
CommentOnly,x,x,x,x,x,x,x,x,x,x,x,x,x,x,x,x
Refrigeration:CompressorRack,x,x,x,,,,,x,,x,x,x,,,,
